{
  "geometry": {
    "is_single_hole": true,
    "alpha": 43.2,
    "beta": 0.0,
    "phi": 10.0,
    "psi": 10.0,
    "Lphi_D": 4.1,
    "Lpsi_D": 4.1,
    "P_D": 11.0,
    "L_D": 6.4,
    "is_x_origin_trailing_edge": true
  },
  "dimensional": {
    "Tinf": 323.0,
    "D": 0.0068
  },
  "flow": {
    "DR": 1.1,
    "BR": [
      2.5,
      2.0,
      1.5,
      1.25,
      1.0,
      0.5
    ],
    "Tu": 4.0,
    "del_D": -1.0,
    "Lam_D": 0.41,
    "H": -1.0,
    "Reinf": 10400.0,
    "Mainf": 0.1,
    "coolant": "Air",
    "mainstream": "Air"
  },
  "metadata": {
    "doi": "10.1115/GT2010-22808",
    "ref": "Bonanni2010",
    "uncertainty_eff_abs": 0.05,
    "fig": "Fig7a",
    "comment": ""
  },
  "distributions": {
    "x_D": [
      [
        0.08565124891655529,
        0.39182622856092264,
        0.7141018569590012,
        1.0684999868673353,
        1.5194626112993463,
        1.954285188979067,
        2.389107766658787,
        2.9526698710372195,
        3.644932104115779,
        4.256651695427207,
        4.900428124917921,
        5.528090772988736,
        6.220064087411029,
        7.024676279778323,
        7.797008378641033,
        8.488889764399973,
        9.245134347175167,
        10.06574212696662,
        10.725395949885751,
        11.368975389383555,
        12.109119323405041,
        12.881438289601558,
        13.541118377853076,
        14.216912247524498,
        14.924894282037144,
        15.536351220024692,
        16.16383001076879,
        16.775195020092983,
        17.450910093767245,
        18.190975231791562,
        18.802353373781955,
        19.39763086701863,
        20.202072334725404,
        20.813437344049596,
        21.392614188532566,
        22.052241746119307,
        22.6636067554435,
        23.33934809445014,
        23.950699971108143,
        24.513802432169786,
        24.96429228061882
      ],
      [
        0.035484464055892895,
        0.3577469597877756,
        0.6639350720983377,
        1.0666351482678016,
        1.598101016468364,
        2.113439970582829,
        2.725317153888583,
        3.2888135949360446,
        3.8844325374937636,
        4.5283008956478366,
        5.20430488797836,
        5.864181966222784,
        6.47575709820608,
        7.119454731699632,
        7.76313923252699,
        8.374635568513122,
        9.01825440600951,
        9.72621017518977,
        10.434179077036225,
        11.126021064796578,
        11.78567488771571,
        12.429293725212096,
        13.04072439786726,
        13.813069629396166,
        14.601554907677363,
        15.277401308013552,
        15.937094528931269,
        16.548538334252626,
        17.272634150185176,
        17.900126073595466,
        18.5920205920206,
        19.348265174795795,
        20.056194678643667,
        20.764071651826757,
        21.423738607412083,
        22.083392430331212,
        22.759120636671664,
        23.370525043994437,
        24.046266383001083,
        24.51285688020382,
        24.931119165813048
      ],
      [
        0.050836550836551586,
        0.43750164158327465,
        0.8081054815748698,
        1.2268536758332684,
        1.6938775510204092,
        2.1931289890473575,
        3.0143277388175385,
        3.7549050508234183,
        4.33443647729362,
        4.897801591679146,
        5.557731200588345,
        6.153205683817931,
        6.732540120295225,
        7.472762850313872,
        8.052084154124978,
        8.695755522286138,
        9.27502429543246,
        9.918656265595043,
        10.723163396632788,
        11.559884957844146,
        12.15522811441179,
        12.814960733328084,
        13.58734536285557,
        14.279344942610257,
        14.874753762508867,
        15.534486381425161,
        16.19423213300765,
        16.934415465027715,
        17.64235810154178,
        18.414663935072102,
        19.154807869093588,
        19.830575473432624,
        20.554579360701815,
        21.18205815144591,
        21.92217582013501,
        22.69446852099914,
        23.418472408268336,
        24.23902765739501,
        24.930895910487752
      ],
      [
        0.11561999317101379,
        0.4378693562367033,
        0.7761799700575225,
        1.1948887663173384,
        1.726288971186931,
        2.273802957476428,
        2.869579492028474,
        3.4330759330759335,
        3.964357943949781,
        4.592191316681115,
        5.316523520605155,
        5.9281511832532265,
        6.5397131825703285,
        7.151235783888849,
        7.794972815380982,
        8.422609198119405,
        9.178958842224151,
        9.790455178210282,
        10.53066477556274,
        11.23863367740919,
        12.043180206445516,
        12.702899692695613,
        13.394846741785521,
        14.0707325401203,
        14.68225514143882,
        15.261550179917531,
        16.00174664460379,
        16.67754051427521,
        17.353308118614244,
        17.94861187718331,
        18.672681427783473,
        19.284112100438637,
        20.08861923147638,
        20.860925065006704,
        21.456281354240545,
        22.148136474667094,
        22.823917211672324,
        23.499697948677547,
        24.336366979224128,
        24.94775825388071
      ],
      [
        0.08310351167494079,
        0.4053660074068244,
        0.7276416358049016,
        1.098114149134558,
        1.6778556982638635,
        2.1448927061171963,
        2.6119034486381443,
        3.12715047408925,
        3.7228482126441325,
        4.382948546213852,
        4.978593754103961,
        5.702978488692776,
        6.443371943371945,
        7.038859559267726,
        7.811322984792374,
        8.599887059070735,
        9.34016231975416,
        10.06432379901768,
        10.852822209965073,
        11.625233104824945,
        12.397617734352432,
        13.137827331704887,
        13.845875029548505,
        14.45738449820083,
        15.036718934678124,
        15.744740367189351,
        16.38838547001813,
        17.257268930738327,
        17.981338481338483,
        18.673193601765036,
        19.41333753578653,
        20.185656501983036,
        20.82920967614846,
        21.44064034880362,
        22.148635515982463,
        22.85661755049511,
        23.66108528353427,
        24.369041052714532,
        24.93216977910856
      ],
      [
        0.06949806949807025,
        0.6492527512935682,
        0.9070075906810613,
        1.2774801040107173,
        1.7284821264413115,
        2.1150290231922897,
        2.5176897013631727,
        2.9364641609539586,
        3.4356893336485195,
        3.902686943503271,
        4.385758936779347,
        4.933194127071679,
        5.528891865626563,
        6.092322643343054,
        6.703963438657318,
        7.299516717884069,
        7.911039319202585,
        8.65127518188743,
        9.471961757676047,
        10.115606860504823,
        10.72705066582618,
        11.435058965671214,
        12.143080398182443,
        12.754550468836188,
        13.349933023402413,
        14.074055104667353,
        14.782024006513804,
        15.425655976676389,
        16.24625062380165,
        17.018569589998165,
        17.662122764163588,
        18.25746592073123,
        19.029771754261557,
        19.64120242691672,
        20.300843117169652,
        20.960510072754975,
        21.65235206051533,
        22.44070601213459,
        23.132561132561143,
        23.760066188637623,
        24.371444330628012,
        24.91845927560214
      ]
    ],