{
  "geometry": {
    "is_single_hole": true,
    "alpha": 35.1,
    "beta": 0.0,
    "phi": 10.0,
    "psi": 10.0,
    "Lphi_D": 7.5,
    "Lpsi_D": 7.5,
    "P_D": 11.0,
    "L_D": 12.1,
    "is_x_origin_trailing_edge": true
  },
  "dimensional": {
    "Tinf": 323.0,
    "D": 0.0068
  },
  "flow": {
    "DR": 1.1,
    "BR": [
      2.5,
      2.0,
      1.5,
      1.25,
      1.0,
      0.5
    ],
    "Tu": 4.0,
    "del_D": -1.0,
    "Lam_D": 0.41,
    "H": -1.0,
    "Reinf": 10400.0,
    "Mainf": 0.1,
    "coolant": "Air",
    "mainstream": "Air"
  },
  "metadata": {
    "doi": "10.1115/GT2010-22808",
    "ref": "Bonanni2010",
    "uncertainty_eff_abs": 0.05,
    "fig": "Fig11a",
    "comment": ""
  },
  "distributions": {
    "x_D": [
      [
        0.08095854922279822,
        0.6638601036269431,
        1.295336787564767,
        2.0239637305699474,
        2.6392487046632125,
        3.351683937823834,
        3.9183937823834203,
        4.614637305699483,
        5.294689119170985,
        5.909974093264249,
        6.557642487046633,
        7.270077720207254,
        7.966321243523318,
        8.824481865284975,
        9.569300518134716,
        10.297927461139897,
        11.01036269430052,
        11.7389896373057,
        12.45142487046632,
        13.277202072538861,
        14.022020725388602,
        14.750647668393782,
        15.430699481865286,
        16.11075129533679,
        16.77461139896373,
        17.66515544041451,
        18.361398963730572,
        19.025259067357517,
        19.624352331606218,
        20.28821243523316,
        20.91968911917099,
        21.615932642487046,
        22.538860103626938,
        23.20272020725389,
        23.88277202072539,
        24.53044041450777,
        24.951424870466322
      ],
      [
        0.1295336787564767,
        0.4695595854922281,
        0.9067357512953369,
        1.5058290155440415,
        2.088730569948187,
        2.687823834196892,
        3.3840673575129534,
        3.999352331606218,
        4.582253886010364,
        5.278497409326424,
        5.974740932642487,
        6.687176165803109,
        7.43199481865285,
        8.014896373057004,
        8.727331606217616,
        9.32642487046632,
        9.990284974093266,
        10.589378238341968,
        11.35038860103627,
        11.998056994818652,
        12.629533678756477,
        13.277202072538861,
        13.892487046632125,
        14.507772020725389,
        15.106865284974091,
        15.754533678756477,
        16.353626943005185,
        16.93652849740933,
        17.64896373056995,
        18.280440414507773,
        18.89572538860104,
        19.527202072538866,
        20.1910621761658,
        21.033031088082904,
        21.713082901554404,
        22.58743523316062,
        23.29987046632124,
        24.044689119170986,
        24.838082901554404
      ],
      [
        0.06476683937823857,
        0.5019430051813472,
        0.8419689119170988,
        1.3762953367875626,
        2.0239637305699487,
        2.5744818652849744,
        3.125,
        3.7240932642487055,
        4.290803108808291,
        5.10038860103627,
        5.748056994818652,
        6.395725388601036,
        7.253886010362695,
        8.112046632124352,
        8.775906735751295,
        9.39119170984456,
        10.00647668393783,
        10.637953367875648,
        11.253238341968911,
        11.998056994818652,
        12.645725388601038,
        13.244818652849743,
        13.811528497409329,
        14.459196891191711,
        15.042098445595855,
        15.754533678756477,
        16.337435233160623,
        16.936528497409327,
        17.697538860103627,
        18.40997409326425,
        19.07383419689119,
        19.867227979274613,
        20.49870466321244,
        21.259715025906736,
        22.101683937823836,
        22.74935233160622,
        23.3970207253886,
        24.044689119170986,
        24.80569948186529
      ],
      [
        0.16191709844559576,
        0.6314766839378241,
        1.1172279792746114,
        1.6515544041450787,
        2.2182642487046635,
        2.801165803108809,
        3.54598445595855,
        4.193652849740932,
        4.744170984455959,
        5.4889896373057,
        6.104274611398964,
        6.703367875647668,
        7.464378238341968,
        8.257772020725389,
        8.905440414507773,
        9.71502590673575,
        10.362694300518138,
        11.091321243523318,
        11.917098445595853,
        12.645725388601038,
        13.422927461139896,
        14.135362694300518,
        14.734455958549223,
        15.430699481865286,
        16.04598445595855,
        16.677461139896373,
        17.29274611398964,
        17.940414507772026,
        18.895725388601036,
        19.818652849740936,
        20.579663212435232,
        21.227331606217618,
        22.101683937823836,
        22.7169689119171,
        23.558937823834196,
        24.303756476683937,
        24.935233160621763
      ],
      [
        0.14572538860103657,
        0.5990932642487048,
        1.0038860103626943,
        1.4410621761658033,
        2.056347150259068,
        2.542098445595855,
        3.124999999999999,
        3.7079015544041454,
        4.306994818652851,
        4.873704663212434,
        5.553756476683938,
        6.120466321243523,
        6.897668393782384,
        7.529145077720207,
        8.14443005181347,
        8.775906735751295,
        9.375,
        10.006476683937821,
        10.60556994818653,
        11.30181347150259,
        11.917098445595856,
        12.613341968911918,
        13.341968911917123,
        14.102979274611405,
        14.880181347150263,
        15.527849740932645,
        16.256476683937827,
        17.114637305699482,
        17.988989637305696,
        18.992875647668395,
        19.802461139896376,
        20.547279792746114,
        21.25971502590674,
        21.875000000000004,
        22.61981865284974,
        23.364637305699485,
        24.060880829015545,
        24.75712435233161
      ],
      [
        0.08095854922279799,
        0.6800518134715028,
        1.2305699481865289,
        1.8944300518134698,
        2.444948186528498,
        3.0602331606217614,
        3.756476683937823,
        4.420336787564767,
        5.116580310880829,
        5.8613989637305695,
        6.573834196891192,
        7.221502590673575,
        7.950129533678757,
        8.63018134715026,
        9.245466321243523,
        9.990284974093266,
        10.767487046632125,
        11.512305699481866,
        12.224740932642487,
        12.920984455958555,
        13.746761658031089,
        14.459196891191711,
        15.171632124352332,
        15.900259067357513,
        16.661269430051814,
        17.406088082901555,
        18.118523316062177,
        18.798575129533678,
        19.527202072538863,
        20.466321243523314,
        21.308290155440417,
        22.117875647668395,
        22.70077720207254,
        23.49417098445596,
        24.22279792746114,
        24.838082901554408
      ]
    ],