{
  "geometry": {
    "is_single_hole": true,
    "alpha": 30.0,
    "beta": 0.0,
    "phi": 7.0,
    "psi": 7.0,
    "Lphi_D": 3.5,
    "Lpsi_D": 3.5,
    "P_D": 5.0,
    "L_D": 6.0,
    "is_x_origin_trailing_edge": true
  },
  "dimensional": {
    "Tinf": 327.0,
    "Tc": 300.0,
    "D": 0.02
  },
  "flow": {
    "BR": 0.25,
    "DR": [
      1.51,
      1.644,
      0.144,
      1.06
    ],
    "Tu": 0.7,
    "del_D": 0.097,
    "Lam_D": -1.0,
    "H": 1.45,
    "Reinf": 5000.0,
    "Mainf": 0.05,
    "coolant": [
      "Ar",
      " CO2",
      " He",
      " N2"
    ],
    "mainstream": "Air"
  },
  "metadata": {
    "doi": "10.1115/1.4049102",
    "ref": "McNamara2021",
    "uncertainty_eff_abs": 0.04,
    "fig": "Fig12",
    "comment": ""
  },
  "distributions": {
    "x_D": [
      [
        0.3600000000000001,
        0.72,
        1.0800000000000003,
        1.4399999999999997,
        1.7999999999999996,
        2.1599999999999993,
        2.5199999999999996,
        2.879999999999999,
        3.2399999999999984,
        3.599999999999997,
        3.959999999999998,
        4.3199999999999985,
        4.68,
        5.04,
        5.3999999999999995,
        5.76,
        6.12,
        6.480000000000001,
        6.840000000000001,
        7.2,
        7.560000000000001,
        7.920000000000003,
        8.280000000000003,
        8.640000000000002,
        9.0,
        9.360000000000001,
        9.719999999999999,
        10.08,
        10.44,
        10.799999999999999,
        11.159999999999998,
        11.519999999999996,
        11.879999999999997,
        12.239999999999995,
        12.599999999999996,
        12.959999999999996,
        13.319999999999993,
        13.679999999999994,
        14.039999999999992,
        14.399999999999993,
        14.759999999999993,
        15.119999999999992,
        15.479999999999992,
        15.839999999999991,
        16.19999999999999,
        16.55999999999999,
        16.91999999999999,
        17.27999999999999,
        17.639999999999986,
        17.999999999999986
      ],
      [
        0.24661899985491997,
        0.42191771680718326,
        0.5869047445269604,
        0.6919312089319118,
        0.8177383106790186,
        0.9619447010566395,
        1.1258447415923658,
        1.2847971759151526,
        1.4496494103116297,
        1.5720147892037974,
        1.745251168309564,
        1.9216956285098814,
        2.0935571157179833,
        2.25854414343776,
        2.434988603638078,
        2.611433063838395,
        2.787877524038713,
        2.96432198423903,
        3.1407664444393477,
        3.326376850624097,
        3.4936553648399826,
        3.6687631245842374,
        3.8465442852406175,
        4.0229887454409345,
        4.199433205641252,
        4.3758776658415695,
        4.552322126041887,
        4.728766586242204,
        4.905211046442522,
        5.081655506642839,
        5.258099966843156,
        5.434544427043474,
        5.610988887243791,
        5.732183061926838,
        5.899716185753402,
        6.07616064595372,
        6.252605106154037,
        6.429049566354354,
        6.605494026554672,
        6.7819384867549894,
        6.9583829469553065,
        7.1348274071556235,
        7.3112718673559405,
        7.487716327556259,
        7.664160787756576,
        7.840605247956893,
        7.970933542423038,
        8.129332546466506,
        8.305777006666823,
        8.48222146686714,
        8.658665927067457,
        8.835110387267775,
        9.011554847468092,
        9.18799930766841,
        9.363107067412663,
        9.540888228069043,
        9.717332688269362,
        9.89377714846968,
        10.070221608669996,
        10.246666068870313,
        10.428457330894885,
        10.599554989270949,
        10.775999449471266,
        10.952443909671583,
        11.128888369871902,
        11.305332830072219,
        11.481777290272536,
        11.658221750472853,
        11.834666210673172,
        12.0071005695053,
        12.187555131073806,
        12.363999591274123,
        12.540444051474442,
        12.716888511674759,
        12.893332971875076,
        13.067104031163268,
        13.24622189227571,
        13.422666352476028,
        13.599110812676345,
        13.775555272876662,
        13.95199973307698,
        14.128444193277298,
        14.304888653477615,
        14.481333113677932,
        14.657777573878251,
        14.834222034078566,
        15.021771390375408,
        15.187110954479204,
        15.34851753454881,
        15.552475745803092,
        15.716444335080153,
        15.885670612817732,
        16.070567132824845,
        16.245777715681104,
        16.437260056012132,
        16.598666636081738,
        16.764006200185534,
        16.955374700642555,
        17.12800001668269,
        17.296958954329057,
        17.48088893708333,
        17.64622850118712,
        17.847931156430512,
        17.98241894819817
      ],
      [
        0.3016146757615128,
        0.47805913596183003,
        0.6464833934257694,
        0.8068874481533308,
        0.9672915028808922,
        1.1196753548720755,
        1.2720592068632588,
        1.4324632615908197,
        1.592867316318381,
        1.7532713710459424,
        1.9216956285098818,
        2.098140088710199,
        2.274584548910517,
        2.451029009110834,
        2.627473469311151,
        2.803917929511469,
        2.980362389711786,
        3.156806849912104,
        3.333251310112421,
        3.5096957703127387,
        3.6861402305130557,
        3.8625846907133736,
        4.039029150913691,
        4.2154736111140085,
        4.3919180713143255,
        4.568362531514643,
        4.7448069917149605,
        4.921251451915278,
        5.097695912115595,
        5.274140372315913,
        5.45058483251623,
        5.627029292716547,
        5.803473752916865,
        5.979918213117182,
        6.1563626733175,
        6.332807133517817,
        6.509251593718134,
        6.685696053918453,
        6.86214051411877,
        7.038584974319087,
        7.215029434519404,
        7.391473894719723,
        7.56791835492004,
        7.744362815120357,
        7.920807275320674,
        8.097251735520993,
        8.27369619572131,
        8.450140655921627,
        8.626585116121944,
        8.803029576322261,
        8.97947403652258,
        9.155918496722897,
        9.332362956923214,
        9.508807417123531,
        9.68525187732385,
        9.861696337524167,
        10.038140797724484,
        10.214585257924801,
        10.39102971812512,
        10.567474178325437,
        10.743918638525754,
        10.920363098726071,
        11.09680755892639,
        11.273252019126707,
        11.449696479327024,
        11.62614093952734,
        11.80258539972766,
        11.979029859927977,
        12.155474320128294,
        12.33191878032861,
        12.508363240528928,
        12.684807700729246,
        12.861252160929563,
        13.03769662112988,
        13.214141081330197,
        13.390585541530516,
        13.567030001730833,
        13.74347446193115,
        13.919918922131467,
        14.096363382331786,
        14.272807842532103,
        14.44925230273242,
        14.625696762932739,
        14.802141223133054,
        14.978585683333373,
        15.155030143533692,
        15.331474603734007,
        15.507919063934326,
        15.68436352413464,
        15.86080798433496,
        16.037252444535277,
        16.213696904735592,
        16.39014136493591,
        16.566585825136226,
        16.743030285336545,
        16.919474745536863,
        17.09591920573718,
        17.272363665937498,
        17.448808126137816,
        17.62525258633813,
        17.80169704653845,
        17.954080898529632
      ],
      [
        0.08416833667334656,
        0.2885771543086175,
        0.44488977955911735,
        0.6973947895791583,
        0.949899799599198,
        1.2144288577154303,
        1.5511022044088174,
        1.9478957915831658,
