{
  "geometry": {
    "is_single_hole": true,
    "alpha": 30.0,
    "beta": 0.0,
    "phi": 7.0,
    "psi": 7.0,
    "Lphi_D": 3.5,
    "Lpsi_D": 3.5,
    "P_D": 5.0,
    "L_D": 6.0,
    "is_x_origin_trailing_edge": true
  },
  "dimensional": {
    "Tinf": 327.0,
    "Tc": 300.0,
    "D": 0.02
  },
  "flow": {
    "BR": 0.25,
    "DR": 0.144,
    "Tu": 0.7,
    "del_D": 0.097,
    "Lam_D": -1.0,
    "H": 1.45,
    "Reinf": 5000.0,
    "Mainf": 0.05,
    "coolant":"He",
    "mainstream": "Air"
  },
  "metadata": {
    "doi": "10.1115/1.4049102",
    "ref": "McNamara2021",
    "uncertainty_eff_abs": 0.04,
    "fig": "Fig12",
    "comment": ""
  },
  "distributions": {
    "x_D": [
        0.3016146757615128,
        0.47805913596183003,
        0.6464833934257694,
        0.8068874481533308,
        0.9672915028808922,
        1.1196753548720755,
        1.2720592068632588,
        1.4324632615908197,
        1.592867316318381,
        1.7532713710459424,
        1.9216956285098818,
        2.098140088710199,
        2.274584548910517,
        2.451029009110834,
        2.627473469311151,
        2.803917929511469,
        2.980362389711786,
        3.156806849912104,
        3.333251310112421,
        3.5096957703127387,
        3.6861402305130557,
        3.8625846907133736,
        4.039029150913691,
        4.2154736111140085,
        4.3919180713143255,
        4.568362531514643,
        4.7448069917149605,
        4.921251451915278,
        5.097695912115595,
        5.274140372315913,
        5.45058483251623,
        5.627029292716547,
        5.803473752916865,
        5.979918213117182,
        6.1563626733175,
        6.332807133517817,
        6.509251593718134,
        6.685696053918453,
        6.86214051411877,
        7.038584974319087,
        7.215029434519404,
        7.391473894719723,
        7.56791835492004,
        7.744362815120357,
        7.920807275320674,
        8.097251735520993,
        8.27369619572131,
        8.450140655921627,
        8.626585116121944,
        8.803029576322261,
        8.97947403652258,
        9.155918496722897,
        9.332362956923214,
        9.508807417123531,
        9.68525187732385,
        9.861696337524167,
        10.038140797724484,
        10.214585257924801,
        10.39102971812512,
        10.567474178325437,
        10.743918638525754,
        10.920363098726071,
        11.09680755892639,
        11.273252019126707,
        11.449696479327024,
        11.62614093952734,
        11.80258539972766,
        11.979029859927977,
        12.155474320128294,
        12.33191878032861,
        12.508363240528928,
        12.684807700729246,
        12.861252160929563,
        13.03769662112988,
        13.214141081330197,
        13.390585541530516,
        13.567030001730833,
        13.74347446193115,
        13.919918922131467,
        14.096363382331786,
        14.272807842532103,
        14.44925230273242,
        14.625696762932739,
        14.802141223133054,
        14.978585683333373,
        15.155030143533692,
        15.331474603734007,
        15.507919063934326,
        15.68436352413464,
        15.86080798433496,
        16.037252444535277,
        16.213696904735592,
        16.39014136493591,
        16.566585825136226,
        16.743030285336545,
        16.919474745536863,
        17.09591920573718,
        17.272363665937498,
        17.448808126137816,
        17.62525258633813,
        17.80169704653845,
        17.954080898529632
    ],
    "eff": [
        0.4584685727352108,
        0.45434963165871334,
        0.4481623761545649,
        0.4415442292317524,
        0.4349260823089399,
        0.42807935835771926,
        0.4213158291090337,
        0.4143233060248131,
        0.4074243769809445,
        0.40077503204468135,
        0.39415667671830534,
        0.3876005090152673,
        0.38121451229468745,
        0.37528230486066283,
        0.37022931416933913,
        0.36528977079965425,
        0.3605203984124276,
        0.35606300615970765,
        0.3516623375678072,
        0.3474318399583649,
        0.34317298051851297,
        0.339197739382758,
        0.33519413641659335,
        0.3315308754153452,
        0.32786761441409706,
        0.3244596098865362,
        0.32082471071569774,
        0.31770032449223395,
        0.3143206817950829,
        0.31102612458916085,
        0.30784501470487763,
        0.3044937338381362,
        0.30134098578426277,
        0.2980464285783408,
        0.29497876601569645,
        0.29202455077469086,
        0.28938231566819206,
        0.28654154774882534,
        0.28381422715109744,
        0.2810301828925501,
        0.27844467144687074,
        0.2756889890187331,
        0.27310347757305375,
        0.27048960429696467,
        0.2680175401729241,
        0.26546039055765447,
        0.26298832643361386,
        0.2606297096312121,
        0.25832781648962977,
        0.25608264700886685,
        0.253837477528104,
        0.2516490317081605,
        0.24940386222739752,
        0.24735722555950257,
        0.24533895072201728,
        0.24334903771494165,
        0.24141584836868546,
        0.23959610634406814,
        0.23783308798027025,
        0.23601334595565288,
        0.23427868942226465,
        0.2324022237368279,
        0.23058248171221057,
        0.22876273968759325,
        0.22702808315420492,
        0.22526506479040703,
        0.22361549374824796,
        0.22193756087567912,
        0.22040143715515886,
        0.21866678062177058,
        0.21715901873166,
        0.21542436219827177,
        0.21383151481693213,
        0.21226702926600205,
        0.21073090554548174,
        0.20925150548578086,
        0.20780046725648976,
        0.2062643435359694,
        0.20469985798503942,
        0.20350407622943562,
        0.20202467616973474,
        0.20074380892290172,
        0.1996047508281173,
        0.19826715992046495,
        0.1970997399952708,
        0.19584723457884762,
        0.19462309099283404,
        0.1934556710676399,
        0.19231661297285552,
        0.19112083121725165,
        0.18992504946164784,
        0.1888710768580925,
        0.18764693327207893,
        0.18662132249893337,
        0.18551062623455866,
        0.18448501546141305,
        0.18328923370580918,
        0.18220689927184425,
        0.18129473582033745,
        0.17995714491268505,
        0.17907334329158797,
        0.1781228075339582
    ]
  }
}
