{
  "geometry": {
    "is_single_hole": true,
    "alpha": 30.0,
    "beta": 0.0,
    "phi": 7.0,
    "psi": 7.0,
    "Lphi_D": 3.5,
    "Lpsi_D": 3.5,
    "P_D": 5.0,
    "L_D": 6.0,
    "is_x_origin_trailing_edge": true
  },
  "dimensional": {
    "Tinf": 327.0,
    "Tc": 300.0,
    "D": 0.02
  },
  "flow": {
    "BR": 0.5,
    "DR": [
      1.51,
      1.644,
      1.06
    ],
    "Tu": 0.7,
    "del_D": 0.097,
    "Lam_D": -1.0,
    "H": 1.45,
    "Reinf": 5000.0,
    "Mainf": 0.05,
    "coolant": [
      "Ar",
      " CO2",
      " N2"
    ],
    "mainstream": "Air"
  },
  "metadata": {
    "doi": "10.1115/1.4049102",
    "ref": "McNamara2021",
    "uncertainty_eff_abs": 0.04,
    "fig": "Fig14",
    "comment": ""
  },
  "distributions": {
    "x_D": [
      [
        0.07064226689303377,
        0.20700874737724728,
        0.29524588180820865,
        0.38348301623917047,
        0.4717201506701323,
        0.5519357274255516,
        0.6321513041809714,
        0.7123668809363912,
        0.792582457691811,
        0.8808195921227724,
        0.9770782842292762,
        1.0813585340113216,
        1.1856387837933675,
        1.289919033575413,
        1.4102423987085424,
        1.538587321517214,
        1.6749538020014274,
        1.827363397836725,
        1.9877945513475637,
        2.1562472625339457,
        2.3327215313958685,
        2.509195800257792,
        2.6856700691197157,
        2.8621443379816385,
        3.038618606843562,
        3.215092875705485,
        3.3559157771205554,
        3.51991206737608,
        3.6963863362380036,
        3.8728606050999264,
        4.04933487396185,
        4.239964832839435,
        4.402283411685696,
        4.57875768054762,
        4.755231949409543,
        4.931706218271467,
        5.1081804871333905,
        5.284654755995312,
        5.461129024857236,
        5.63760329371916,
        5.814077562581083,
        5.990551831443005,
        6.167026100304929,
        6.343500369166852,
        6.519974638028774,
        6.696448906890698,
        6.8729231757526215,
        7.049397444614545,
        7.225871713476469,
        7.402345982338391,
        7.578820251200314,
        7.755294520062238,
        7.9317687889241615,
        8.108243057786085,
        8.284717326648007,
        8.46119159550993,
        8.637665864371854,
        8.814140133233778,
        8.990614402095702,
        9.167088670957625,
        9.343562939819547,
        9.52003720868147,
        9.696511477543394,
        9.872985746405318,
        10.049460015267242,
        10.225934284129163,
        10.402408552991087,
        10.57888282185301,
        10.755357090714934,
        10.931831359576858,
        11.10830562843878,
        11.284779897300703,
        11.461254166162627,
        11.63772843502455,
        11.814202703886474,
        11.990676972748398,
        12.16715124161032,
        12.343625510472243,
        12.520099779334167,
        12.69657404819609,
        12.873048317058014,
        13.049522585919936,
        13.22599685478186,
        13.402471123643783,
        13.578945392505707,
        13.75541966136763,
        13.931893930229553,
        14.108368199091478,
        14.284842467953402,
        14.461316736815325,
        14.637791005677249,
        14.814265274539173,
        14.990739543401096,
        15.16721381226302,
        15.34368808112494,
        15.520162349986864,
        15.696636618848787,
        15.87311088771071,
        16.049585156572636,
        16.22605942543456,
        16.402533694296483,
        16.579007963158407,
        16.75548223202033,
        16.931956500882254,
        17.108430769744178,
        17.284905038606098,
        17.46137930746802,
        17.637853576329945,
        17.81432784519187,
        17.958715883351626
      ],
      [
        0.04472646517205181,
        0.1869548531883929,
        0.2644965773852985,
        0.37422737276739193,
        0.4717201506701323,
        0.5599572851010941,
        0.6409020943724721,
        0.7432190258423219,
        0.8407118037450627,
        0.9369704958515661,
        1.034463273754307,
        1.1455309954156574,
        1.259971884920056,
        1.3890088636850493,
        1.5305657638416719,
        1.6749538020014274,
        1.8227193381298323,
        1.979772993672022,
        2.1402041471828617,
        2.3023240496780253,
        2.463897592207673,
        2.6225671487387854,
        2.8071393710636365,
        2.8942305686838066,
        3.07070483754573,
        3.1862152680735343,
        3.346646421584373,
        3.535955182727164,
        3.7124294515890877,
        3.8889037204510104,
        4.065377989312934,
        4.241852258174857,
        4.418326527036781,
        4.5948007958987045,
        4.771275064760626,
        4.94774933362255,
        5.124223602484474,
        5.300697871346397,
        5.477172140208321,
        5.653646409070243,
        5.830120677932166,
        6.006594946794088,
        6.183069215656012,
        6.3595434845179355,
        6.536017753379859,
        6.712492022241783,
        6.888966291103705,
        7.065440559965628,
        7.241914828827552,
        7.4183890976894755,
        7.594863366551399,
        7.771337635413321,
        7.947811904275245,
        8.124286173137168,
        8.300760441999092,
        8.477234710861016,
        8.65370897972294,
        8.830183248584861,
        9.006657517446785,
        9.183131786308708,
        9.359606055170632,
        9.536080324032556,
        9.712554592894477,
        9.889028861756401,
        10.065503130618325,
        10.241977399480248,
        10.418451668342172,
        10.594925937204094,
        10.778084837462302,
        10.947874474927941,
        11.124348743789865,
        11.300823012651788,
        11.477297281513712,
        11.653771550375634,
        11.830245819237557,
        12.006720088099481,
        12.183194356961405,
        12.359668625823328,
        12.53614289468525,
        12.712617163547174,
        12.889091432409097,
        13.065565701271021,
        13.242039970132945,
        13.418514238994867,
        13.59498850785679,
        13.771462776718714,
        13.94793704558064,
        14.124411314442563,
        14.300885583304487,
        14.47735985216641,
        14.653834121028334,
        14.830308389890254,
        15.006782658752178,
        15.183256927614101,
        15.359731196476025,
        15.536205465337948,
        15.712679734199872,
        15.889154003061796,
        16.06562827192372,
        16.242102540785645,
        16.41857680964757,
        16.595051078509492,
        16.771525347371412,
        16.947999616233336,
        17.12447388509526,
        17.300948153957183,
        17.477422422819107,
        17.65389669168103,
        17.830370960542954,
        17.982780556378252
      ],
      [
        0.1669009589995376,
        0.35941834321254484,
        0.5278710543989265,
        0.6963237655853076,
        0.8727980344472308,
        1.0492723033091544,
        1.2257465721710772,
        1.2177250144955356,
        1.4022208410330004,
        1.5786951098949236,
        1.7551693787568472,
        1.9316436476187704,
        2.1081179164806936,
        2.284592185342617,
        2.46106645420454,
        2.6375407230664636,
        2.814014991928387,
        2.99048926079031,
        3.1669635296522336,
        3.3494539667708136,
        3.51991206737608,
        3.6963863362380036,
        3.8728606050999264,
        4.04933487396185,
        4.225809142823774,
        4.402283411685696,
        4.57875768054762,
        4.755231949409543,
        4.931706218271467,
        5.1081804871333905,
        5.284654755995312,
        5.461129024857236,
        5.63760329371916,
        5.814077562581083,
        5.990551831443005,
        6.167026100304929,
        6.343500369166852,
        6.519974638028774,
        6.696448906890698,
        6.8729231757526215,
        7.049397444614545,
