{
  "geometry": {
    "is_single_hole": true,
    "alpha": 30.0,
    "beta": 0.0,
    "phi": 7.0,
    "psi": 7.0,
    "Lphi_D": 3.5,
    "Lpsi_D": 3.5,
    "P_D": 5.0,
    "L_D": 6.0,
    "is_x_origin_trailing_edge": true
  },
  "dimensional": {
    "Tinf": 327.0,
    "Tc": 300.0,
    "D": 0.02
  },
  "flow": {
    "BR": 1.5,
    "DR": 1.51,
    "Tu": 0.7,
    "del_D": 0.097,
    "Lam_D": -1.0,
    "H": 1.45,
    "Reinf": 5000.0,
    "Mainf": 0.05,
    "coolant": "Ar",
    "mainstream": "Air"
  },
  "metadata": {
    "doi": "10.1115/1.4049102",
    "ref": "McNamara2021",
    "uncertainty_eff_abs": 0.04,
    "fig": "Fig15",
    "comment": ""
  },
  "distributions": {
    "x_D": [
        0.14196054401495983,
        0.27817143622757046,
        0.3742780645443293,
        0.4623644473389108,
        0.5423917426547789,
        0.622426460000558,
        0.7024693415792398,
        0.7825156867718803,
        0.8714802606389691,
        0.9827187586049395,
        1.0788229129117277,
        1.1829589405875551,
        1.3031420154341586,
        1.439379353313953,
        1.5916641506995193,
        1.7600008495633044,
        1.936374594726066,
        2.112752388268779,
        2.289148399521275,
        2.465546434963747,
        2.6419626881159997,
        2.818379615998246,
        2.9947999175304516,
        3.171222917982625,
        3.3476526657347176,
        3.5240871365967528,
        3.700526330568733,
        3.8769675487306885,
        4.053407417432661,
        4.2298540334345525,
        4.406304697816394,
        4.582758735848197,
        4.759211424420014,
        4.935667486641794,
        5.112125573053547,
        5.288586358385269,
        5.465048493176974,
        5.641504555398752,
        5.817974112220369,
        5.994436247012075,
        6.170903104913725,
        6.347378059575277,
        6.523852339506837,
        6.700320546868472,
        6.876794152070039,
        7.053273155111544,
        7.229750133963071,
        7.406225088624623,
        7.582703416936138,
        7.759185118897609,
        7.935658049369186,
        8.112143124980616,
        8.288624152212096,
        8.465111252013504,
        8.641591604514991,
        8.818076680126424,
        8.994559056817888,
        9.171050204999245,
        9.347531232230727,
        9.524025079332052,
        9.700511504403469,
        9.877002652584828,
        10.053490427116225,
        10.22998292475757,
        10.406475422398913,
        10.582969944230232,
        10.759461767141582,
        10.935954264782923,
        11.112449461344236,
        11.288934536955667,
        11.465432432436947,
        11.641922905888313,
        11.818418777179614,
        11.994914648470917,
        12.171411194492212,
        12.347903017403564,
        12.524397539234881,
        12.700893410526183,
        12.877391306007462,
        13.053881779458829,
        13.23037697602014,
        13.406878245151379,
        13.583372092252704,
        13.759873361383944,
        13.936365184295294,
        14.11286982707649,
        14.289371770937723,
        14.465866292769043,
        14.642371610280229,
        14.818868156301523,
        14.995378871652647,
        15.17186597145406,
        15.348370614235257,
        15.524869859176519,
        15.701374501957716,
        15.877871722709,
        16.054372991840243,
        16.23087156205151,
        16.407371481722766,
        16.58387949815392,
        16.76038211674514,
        16.936882036416396,
        17.113383305547636,
        17.289884574678876,
        17.46638989219006,
        17.642885088751374,
        17.819389056802578,
        17.963796408307264
    ],
    "eff": [
        0.3293165808383831,
        0.32161433181290633,
        0.31440702535026616,
        0.30732416158913917,
        0.2987376151847276,
        0.29046217553409903,
        0.2825289533126318,
        0.2747409142429299,
        0.2671015150667022,
        0.258926320925626,
        0.2516153122117248,
        0.24466726137723716,
        0.23774513610556475,
        0.23115140129621892,
        0.22460087575823184,
        0.21827975217000395,
        0.21253841844109894,
        0.2069667793051665,
        0.20215876583761055,
        0.197435599666541,
        0.1934760591638479,
        0.18954480109331684,
        0.18575495518359636,
        0.18207823900252418,
        0.17868434714307296,
        0.17548843230875644,
        0.1724904944995745,
        0.16957740398687887,
        0.166607748609859,
        0.16392091755446014,
        0.1614037810920338,
        0.15902805679041798,
        0.1565957676244779,
        0.15430489061934832,
        0.15209886091070507,
        0.1500059609307101,
        0.14796962581503942,
        0.14567874880990977,
        0.14395352044802207,
        0.14191718533235137,
        0.14007882724181525,
        0.1385798583372243,
        0.13705260700047123,
        0.13527081377425937,
        0.13371528000534422,
        0.13238600569372583,
        0.13097188408562116,
        0.1294729151810302,
        0.1281153584372497,
        0.1268992138542797,
        0.12531539765320243,
        0.12424066523104293,
        0.12299623821591082,
        0.1220063530902375,
        0.12073364364294337,
        0.11965891122078381,
        0.11847104906997585,
        0.11765085853727514,
        0.11640643152214303,
        0.11569937071809072,
        0.11468120316025537,
        0.1138610126275546,
        0.11289940993404346,
        0.1121357842656669,
        0.11137215859729038,
        0.1106933802254001,
        0.10990147212486151,
        0.10913784645648494,
        0.10848735051675684,
        0.10741261809459729,
        0.10687525188351749,
        0.1060267789186547,
        0.10540456541108861,
        0.10478235190352259,
        0.10418842082811863,
        0.10339651272758005,
        0.10271773435568976,
        0.10209552084812373,
        0.10155815463704393,
        0.10070968167218114,
        0.10005918573245298,
        0.09966323168218372,
        0.09895617087813136,
        0.09856021682786198,
        0.0977683087273234,
        0.09751376683786456,
        0.09714609521975731,
        0.09646731684786714,
        0.09624105739057037,
        0.09564712631516636,
        0.09564712631516636,
        0.09465724118949309,
        0.09440269930003425,
        0.09392189795327871,
        0.09366735606381993,
        0.093101707420578,
        0.09270575337030867,
        0.09219666959139106,
        0.09174415067679753,
        0.09163102094814912,
        0.091291631762204,
        0.09083911284761054,
        0.09044315879734122,
        0.0900472047470719,
        0.08982094528977519,
        0.08917044935004703,
        0.08888762502842606,
        0.0884472271561878
    ]
  }
}
