{
  "geometry": {
    "is_single_hole": true,
    "alpha": 30.0,
    "beta": 0.0,
    "phi": 7.0,
    "psi": 7.0,
    "Lphi_D": 3.5,
    "Lpsi_D": 3.5,
    "P_D": 5.0,
    "L_D": 6.0,
    "is_x_origin_trailing_edge": true
  },
  "dimensional": {
    "Tinf": 327.0,
    "Tc": 300.0,
    "D": 0.02
  },
  "flow": {
    "BR": 1.5,
    "DR": 1.06,
    "Tu": 0.7,
    "del_D": 0.097,
    "Lam_D": -1.0,
    "H": 1.45,
    "Reinf": 5000.0,
    "Mainf": 0.05,
    "coolant": "N2",
    "mainstream": "Air"
  },
  "metadata": {
    "doi": "10.1115/1.4049102",
    "ref": "McNamara2021",
    "uncertainty_eff_abs": 0.04,
    "fig": "Fig15",
    "comment": ""
  },
  "distributions": {
    "x_D": [
        0.17515253650839613,
        0.34340563632617993,
        0.5915746335381624,
        0.7516647824404736,
        0.9037938821319003,
        1.0719796888784874,
        1.2482046560780269,
        1.424507072641641,
        1.600818100045152,
        1.7771931660429887,
        1.9622187244406968,
        2.1299006510138994,
        2.306285191856532,
        2.482676749891081,
        2.6590839616614423,
        2.835494816973761,
        3.0119097206660306,
        3.1883333958481965,
        3.364759769950329,
        3.5411827704025014,
        3.71761791599453,
        3.8940517121265743,
        4.070487532448595,
        4.2469327989905015,
        4.423376446180427,
        4.599826570778276,
        4.776273321726167,
        4.952721961918034,
        5.12917397575986,
        5.305626664331678,
        5.482082726553456,
        5.658534740395284,
        5.834995525727006,
        6.0114495637588075,
        6.187915072200473,
        6.364380580642138,
        6.540847168651791,
        6.717312272255461,
        6.893784527997045,
        7.070254084818663,
        7.246724316370271,
        7.423192523731904,
        7.599664779473489,
        7.776141083595025,
        7.952611315146635,
        8.129089643458146,
        8.305600583719269,
        8.482073353540848,
        8.65852395366269,
        8.835002956704196,
        9.011483309205683,
        9.187965685897147,
        9.364448737318604,
        9.540930439280075,
        9.717418888541467,
        9.893905313612882,
        10.07038903976433,
        10.246875464835744,
        10.42336593828711,
        10.59985303808852,
        10.776342836809894,
        10.952829261881309,
        11.129311638572773,
        11.305802786754132,
        11.482285163445598,
        11.658779685276915,
        11.835275556568217,
        12.011761981639633,
        12.188255154010967,
        12.364741579082384,
        12.541239474563662,
        12.717725224905085,
        12.894216373086444,
        13.07071359383773,
        13.247199344179155,
        13.423692516550489,
        13.600186363651815,
        13.776686958053062,
        13.953176756774436,
        14.129677351175683,
        14.306173318856985,
        14.482672467408246,
        14.659169688159533,
        14.835665463060838,
        15.012173575881995,
        15.188678893393185,
        15.36516261954463,
        15.541664756185856,
        15.718153012667255,
        15.894644160848614,
        16.03903927082344,
        16.31822656002583,
        16.488320188315623,
        16.66481538487693,
        16.830613487116047,
        17.05632219980538,
        17.226418796907137,
        17.402930861718243,
        17.579430781389497,
        17.75593609890069,
        17.932431295462
    ],
    "eff": [
        0.3753886628304335,
        0.3655633458973222,
        0.3424820530098377,
        0.3267994443759568,
        0.3137225904919435,
        0.3010765723245327,
        0.2890989623038861,
        0.28036777146070263,
        0.27199751832320695,
        0.26631154959786774,
        0.26104926331950834,
        0.2531519910258653,
        0.24786317621155374,
        0.242868498691728,
        0.23852997359806288,
        0.23434417363807303,
        0.23032806827105579,
        0.22667963452214573,
        0.22314433050188398,
        0.21946761432081185,
        0.21629998191865735,
        0.21307578465217875,
        0.2099364346821863,
        0.20719303876246326,
        0.20438176500555116,
        0.20184200259739515,
        0.19916082802842872,
        0.19655884426951603,
        0.19409827267141394,
        0.19166598350547392,
        0.18937510650034434,
        0.18691453490224214,
        0.1848216349222473,
        0.18244591062063142,
        0.18055098766577116,
        0.17865606471091083,
        0.17680639364751,
        0.17489450123335243,
        0.17328240260011307,
        0.17155717423822542,
        0.16986022830849978,
        0.16807843508228787,
        0.16646633644904857,
        0.16502393240878177,
        0.16332698647905614,
        0.16196942973527573,
        0.16197885721266297,
        0.1603883070991663,
        0.15786847707177215,
        0.15653920276015376,
        0.15526649331285958,
        0.15407863116205162,
        0.15291905144340578,
        0.1517029068604358,
        0.15076958659908674,
        0.14975141904125133,
        0.14862012175476758,
        0.14760195419693223,
        0.14675348123206938,
        0.1457635961063961,
        0.14488684070937125,
        0.1438686731515359,
        0.14268081100072794,
        0.14186062046802722,
        0.14067275831721932,
        0.13999397994532903,
        0.139371766437763,
        0.1383535988799276,
        0.13761825564371322,
        0.13660008808587787,
        0.13606272187479806,
        0.1350162718848006,
        0.13419608135209993,
        0.133630432708858,
        0.13258398271886057,
        0.13184863948264608,
        0.13114157867859377,
        0.13071734219616238,
        0.12984058679913751,
        0.12941635031670606,
        0.1287981771565918,
        0.12831333546238444,
        0.12774768681914256,
        0.12712143296412481,
        0.12701234358292812,
        0.12678608412563136,
        0.12565478683914766,
        0.12529519591594385,
        0.1243537949596914,
        0.12353360442699068,
        0.12258008242838297,
        0.12171787228218423,
        0.12178009363294084,
        0.12112959769321274,
        0.12050109920072177,
        0.12003789581175595,
        0.12022455986402575,
        0.12028112472834995,
        0.11982860581375643,
        0.11960234635645967,
        0.11895185041673156
    ]
  }
}
