{
  "geometry": {
    "is_single_hole": true,
    "alpha": 30.0,
    "beta": 0.0,
    "phi": 7.0,
    "psi": 7.0,
    "Lphi_D": 3.5,
    "Lpsi_D": 3.5,
    "P_D": 5.0,
    "L_D": 6.0,
    "is_x_origin_trailing_edge": true
  },
  "dimensional": {
    "Tinf": 327.0,
    "Tc": 300.0,
    "D": 0.02
  },
  "flow": {
    "BR": 0.25,
    "DR": 1.06,
    "Tu": 0.7,
    "del_D": 0.097,
    "Lam_D": -1.0,
    "H": 1.45,
    "Reinf": 5000.0,
    "Mainf": 0.05,
    "coolant":"N2",
    "mainstream": "Air"
  },
  "metadata": {
    "doi": "10.1115/1.4049102",
    "ref": "McNamara2021",
    "uncertainty_eff_abs": 0.04,
    "fig": "Fig12",
    "comment": ""
  },
  "distributions": {
    "x_D": [
        0.08416833667334656,
        0.2885771543086175,
        0.44488977955911735,
        0.6973947895791583,
        0.949899799599198,
        1.2144288577154303,
        1.5511022044088174,
        1.9478957915831658,
        2.4769539078156306,
        2.8857715430861726,
        3.330661322645291,
        3.8597194388777547,
        4.460921843687375,
        5.062124248496994,
        5.543086172344689,
        5.963927855711424,
        6.432865731462926,
        6.889779559118236,
        7.3466933867735476,
        7.887775551102201,
        8.476953907815632,
        8.993987975951907,
        9.679358717434871,
        10.412825651302606,
        11.182364729458921,
        11.855711422845696,
        12.492985971943892,
        13.178356713426856,
        13.827655310621244,
        14.41683366733467,
        14.96993987975951,
        15.462925851703408,
        15.943887775551106,
        16.4128256513026,
        16.96593186372746,
        17.422845691382754,
        17.927855711422847
    ],
    "eff": [
        0.2745534723953676,
        0.25911317489984637,
        0.2446095808705031,
        0.22776485306128308,
        0.21372648633718955,
        0.20062326086535404,
        0.18658270704177293,
        0.17160513730923027,
        0.15522095016350124,
        0.14398488276834304,
        0.13461878543491723,
        0.12384732045944086,
        0.11400943452230311,
        0.10557472912772853,
        0.09994950924611928,
        0.09526130527347182,
        0.09103957837720972,
        0.08681816392373148,
        0.08353220316529542,
        0.07930860161232983,
        0.0755514771357495,
        0.07273168101091482,
        0.06990751068710538,
        0.06708209059216036,
        0.0642557331688634,
        0.062367328982880055,
        0.06047986212524825,
        0.058591145496481145,
        0.05717109304358636,
        0.05575260280461136,
        0.05480277674150913,
        0.05338678604480551,
        0.05290656148592798,
        0.051958922522313156,
        0.05147682330673198,
        0.05052949678590113,
        0.04958092049393459
    ]
  }
}
