{
  "geometry": {
    "is_single_hole": true,
    "alpha": 30.0,
    "beta": 0.0,
    "phi": 7.0,
    "psi": 7.0,
    "Lphi_D": 3.5,
    "Lpsi_D": 3.5,
    "P_D": 5.0,
    "L_D": 6.0,
    "is_x_origin_trailing_edge": true
  },
  "dimensional": {
    "Tinf": 327.0,
    "Tc": 300.0,
    "D": 0.02
  },
  "flow": {
    "BR": 1.5,
    "DR": 1.644,
    "Tu": 0.7,
    "del_D": 0.097,
    "Lam_D": -1.0,
    "H": 1.45,
    "Reinf": 5000.0,
    "Mainf": 0.05,
    "coolant": "CO2",
    "mainstream": "Air"
  },
  "metadata": {
    "doi": "10.1115/1.4049102",
    "ref": "McNamara2021",
    "uncertainty_eff_abs": 0.04,
    "fig": "Fig15",
    "comment": ""
  },
  "distributions": {
    "x_D": [
        0.1154374313518467,
        0.2876924386888171,
        0.4639315752181874,
        0.6401710491125532,
        0.7923161680185382,
        0.9445066625164809,
        1.1207899419580158,
        1.2971323587234593,
        1.4734713606466365,
        1.649846155389385,
        1.8262215498921273,
        2.0025968131973713,
        2.1790007525272723,
        2.355405535269662,
        2.531788051922319,
        2.708231564166248,
        2.8846512209564614,
        3.0610664994987267,
        3.23750366928073,
        3.413938140142766,
        3.5903465214451145,
        3.7667726706372497,
        3.943209840419254,
        4.11965510696116,
        4.296097844969461,
        4.472545400140978,
        4.648986183476939,
        4.825438197318766,
        5.001887512240623,
        5.178359093252217,
        5.354792889384262,
        5.53125820504593,
        5.707704339097827,
        5.884163061683571,
        6.0606333317911805,
        6.237077248873103,
        6.413523864874996,
        6.589977228176805,
        6.766427217828657,
        6.942875183290532,
        7.1193494632220915,
        7.295821044233685,
        7.4722966736252285,
        7.648778900376696,
        7.825256029168221,
        8.001739080589676,
        8.178204514061344,
        8.354670097473008,
        8.53114505213456,
        8.707617982606136,
        8.884104407677551,
        9.060588133829,
        9.237068486330488,
        9.413533994772154,
        9.590002472025782,
        9.766459659868547,
        9.942946906396953,
        10.119427740848435,
        10.295929009979675,
        10.472407338291186,
        10.648867718784912,
        10.825380019751519,
        11.001868637695408,
        11.178366533176687,
        11.354862404467989,
        11.531339383319516,
        11.7078035423012,
        11.884274823432795,
        12.060771669334086,
        12.237258094405501,
        12.413743844746923,
        12.590228920358356,
        12.766715345429771,
        12.943213240911051,
        13.119711136392329,
        13.296197561463742,
        13.47268803491511,
        13.64917580944651,
        13.825662234517926,
        14.002143261749406,
        14.178641831960675,
        14.355122859192154,
        14.531626827243365,
        14.708119324884706,
        14.884607099416105,
        15.061104320167388,
        15.23759276942878,
        15.414090664910063,
        15.590588560391339,
        15.767083082222658,
        15.94358637554387,
        16.12009169305506,
        16.29657946758646,
        16.473059820087947,
        16.649546919889357,
        16.826043465910647,
        17.00252921625207,
        17.179008476333575,
        17.355486918171085,
        17.532002564406152,
        17.708487061677587,
        17.87698124252149
    ],
    "eff": [
        0.394628511314314,
        0.3843966174740603,
        0.3730129385288177,
        0.36164340079965607,
        0.3492380189925578,
        0.3387346307483603,
        0.32920127553803,
        0.3221467598215451,
        0.3149491053000396,
        0.309251766465609,
        0.30357956757087806,
        0.29790186931433776,
        0.2934261744246865,
        0.2889858325752378,
        0.28361217046444,
        0.2807952402210955,
        0.27697836887619787,
        0.2729779759714928,
        0.26989519086582464,
        0.26669927603150806,
        0.26240977382025726,
        0.25886504232260815,
        0.25578225721694,
        0.25303886129721687,
        0.25018947767716926,
        0.24754201348189087,
        0.244610696512913,
        0.24215012491481086,
        0.23957642358806042,
        0.23793604252265887,
        0.23471184525618027,
        0.23280884160641652,
        0.23010180881375902,
        0.22792244539829715,
        0.2262271156075522,
        0.22342715482350495,
        0.22074032376810604,
        0.2183363170343281,
        0.21579089813973973,
        0.21316063194866502,
        0.21163338061191195,
        0.20999299954651052,
        0.20852231307408164,
        0.2073281659383488,
        0.20592032931516907,
        0.20476074959652324,
        0.2028626841492005,
        0.20097090368680265,
        0.1994719347822117,
        0.1978881185811346,
        0.19686995102329913,
        0.19573865373681543,
        0.19446594428952124,
        0.19257102133466092,
        0.1908005410813139,
        0.1885568463558706,
        0.18757311153687384,
        0.1863206038268383,
        0.18592464977656897,
        0.18456709303278845,
        0.1824572235934962,
        0.1825236873090772,
        0.18159743765576863,
        0.18106007144468889,
        0.1804378579371228,
        0.17902373632901813,
        0.17707224850983372,
        0.1754192974745824,
        0.17483793636902828,
        0.17381976881119293,
        0.1727733188211955,
        0.1716985863990359,
        0.17068041884120055,
        0.1701430526301208,
        0.169605686419041,
        0.16858751886120565,
        0.1677390458963428,
        0.16677744320283167,
        0.16575927564499626,
        0.1645148486298641,
        0.16400576485094648,
        0.16276133783581437,
        0.1624785135141934,
        0.1617148878458169,
        0.1607532851523057,
        0.16018763650906387,
        0.15925431624771474,
        0.158716950036635,
        0.1581795838255552,
        0.15750080545366502,
        0.15718969869988197,
        0.1569634392425852,
        0.15600183654907407,
        0.15472912710177988,
        0.15373924197610656,
        0.1531453109007026,
        0.15209886091070518,
        0.15078036085895796,
        0.14942756274662067,
        0.14963424896515126,
        0.14853527445828135,
        0.14881527053668614
    ]
  }
}
