{
  "geometry": {
    "is_single_hole": true,
    "alpha": 30.0,
    "beta": 0.0,
    "phi": 7.0,
    "psi": 7.0,
    "Lphi_D": 3.5,
    "Lpsi_D": 3.5,
    "P_D": 5.0,
    "L_D": 6.0,
    "is_x_origin_trailing_edge": true
  },
  "dimensional": {
    "Tinf": 327.0,
    "Tc": 300.0,
    "D": 0.02
  },
  "flow": {
    "BR": 0.5,
    "DR": 1.51,
    "Tu": 0.7,
    "del_D": 0.097,
    "Lam_D": -1.0,
    "H": 1.45,
    "Reinf": 5000.0,
    "Mainf": 0.05,
    "coolant": "Ar",
    "mainstream": "Air"
  },
  "metadata": {
    "doi": "10.1115/1.4049102",
    "ref": "McNamara2021",
    "uncertainty_eff_abs": 0.04,
    "fig": "Fig14",
    "comment": ""
  },
  "distributions": {
    "x_D": [
        0.07064226689303377,
        0.20700874737724728,
        0.29524588180820865,
        0.38348301623917047,
        0.4717201506701323,
        0.5519357274255516,
        0.6321513041809714,
        0.7123668809363912,
        0.792582457691811,
        0.8808195921227724,
        0.9770782842292762,
        1.0813585340113216,
        1.1856387837933675,
        1.289919033575413,
        1.4102423987085424,
        1.538587321517214,
        1.6749538020014274,
        1.827363397836725,
        1.9877945513475637,
        2.1562472625339457,
        2.3327215313958685,
        2.509195800257792,
        2.6856700691197157,
        2.8621443379816385,
        3.038618606843562,
        3.215092875705485,
        3.3559157771205554,
        3.51991206737608,
        3.6963863362380036,
        3.8728606050999264,
        4.04933487396185,
        4.239964832839435,
        4.402283411685696,
        4.57875768054762,
        4.755231949409543,
        4.931706218271467,
        5.1081804871333905,
        5.284654755995312,
        5.461129024857236,
        5.63760329371916,
        5.814077562581083,
        5.990551831443005,
        6.167026100304929,
        6.343500369166852,
        6.519974638028774,
        6.696448906890698,
        6.8729231757526215,
        7.049397444614545,
        7.225871713476469,
        7.402345982338391,
        7.578820251200314,
        7.755294520062238,
        7.9317687889241615,
        8.108243057786085,
        8.284717326648007,
        8.46119159550993,
        8.637665864371854,
        8.814140133233778,
        8.990614402095702,
        9.167088670957625,
        9.343562939819547,
        9.52003720868147,
        9.696511477543394,
        9.872985746405318,
        10.049460015267242,
        10.225934284129163,
        10.402408552991087,
        10.57888282185301,
        10.755357090714934,
        10.931831359576858,
        11.10830562843878,
        11.284779897300703,
        11.461254166162627,
        11.63772843502455,
        11.814202703886474,
        11.990676972748398,
        12.16715124161032,
        12.343625510472243,
        12.520099779334167,
        12.69657404819609,
        12.873048317058014,
        13.049522585919936,
        13.22599685478186,
        13.402471123643783,
        13.578945392505707,
        13.75541966136763,
        13.931893930229553,
        14.108368199091478,
        14.284842467953402,
        14.461316736815325,
        14.637791005677249,
        14.814265274539173,
        14.990739543401096,
        15.16721381226302,
        15.34368808112494,
        15.520162349986864,
        15.696636618848787,
        15.87311088771071,
        16.049585156572636,
        16.22605942543456,
        16.402533694296483,
        16.579007963158407,
        16.75548223202033,
        16.931956500882254,
        17.108430769744178,
        17.284905038606098,
        17.46137930746802,
        17.637853576329945,
        17.81432784519187,
        17.958715883351626
    ],
    "eff": [
        0.31947419834449975,
        0.31179895370148547,
        0.3050260113861897,
        0.2976496425666125,
        0.2899195409686636,
        0.2829905400746744,
        0.2757494220232982,
        0.2683834571089673,
        0.26189142023531975,
        0.25483757247837574,
        0.24755483880601475,
        0.24043559507323725,
        0.23350956672360412,
        0.22696996914025946,
        0.22019256800842957,
        0.21313091732255085,
        0.20652877245171397,
        0.19946798875793914,
        0.19253898786394996,
        0.1855759378255185,
        0.17910660038149906,
        0.17275076008562035,
        0.16699077981748023,
        0.16128754812341045,
        0.15600993073486824,
        0.1509593076426075,
        0.1434984465016368,
        0.14290101012461837,
        0.13844624706009623,
        0.13461571831034785,
        0.13030282668100157,
        0.12699254882942163,
        0.1233227520703491,
        0.12008808334833931,
        0.11708040892261101,
        0.11418623164502334,
        0.1114623000896468,
        0.10890861425648118,
        0.10621305698813971,
        0.10363099686793897,
        0.10144617676623069,
        0.09909111094231132,
        0.09701978798874367,
        0.095260582192563,
        0.09344462782231194,
        0.09128818200763877,
        0.08981271908180977,
        0.08828050758191042,
        0.08677667036904624,
        0.08493234171176006,
        0.08345687878593105,
        0.08223678444341859,
        0.08050595293427304,
        0.07942773002693648,
        0.07806576424924822,
        0.07710103849005229,
        0.07588094414753982,
        0.07488784410130878,
        0.07355425261065562,
        0.07281652114774112,
        0.07176667252743973,
        0.07085869534231415,
        0.06997909244422384,
        0.0693832324164852,
        0.06841850665728932,
        0.06739703232402305,
        0.06677279800924929,
        0.06629043512965138,
        0.06560945224080716,
        0.06475822362975203,
        0.06427586075015412,
        0.06322601212985268,
        0.06277202353728994,
        0.06214778922251607,
        0.06169380062995333,
        0.06104119202814429,
        0.06038858342633535,
        0.0598494719726671,
        0.059423857667139535,
        0.05882799763940083,
        0.05857262905608429,
        0.057863271880205014,
        0.05723903756543114,
        0.056898546121009086,
        0.056331060380305664,
        0.05616081465809464,
        0.05542308319518008,
        0.055110966037793196,
        0.05485559745447666,
        0.054515106010054604,
        0.05420298885266772,
        0.053550380250858676,
        0.05357875453789385,
        0.052982894510155254,
        0.05255728020462769,
        0.05213166589910001,
        0.05218841447317035,
        0.05142230872322073,
        0.05133718586211522,
        0.0510534429917634,
        0.050712951547341345,
        0.05062782868623583,
        0.050202214380708265,
        0.049946845797391726,
        0.04952123149186416,
        0.04946448291779382,
        0.04923748862151234,
        0.04884024860301994,
        0.04884024860301994,
        0.0480822497922232
    ]
  }
}
