{
  "geometry": {
    "is_single_hole": true,
    "alpha": 30.0,
    "beta": 0.0,
    "phi": 7.0,
    "psi": 7.0,
    "Lphi_D": 3.5,
    "Lpsi_D": 3.5,
    "P_D": 5.0,
    "L_D": 6.0,
    "is_x_origin_trailing_edge": true
  },
  "dimensional": {
    "Tinf": 327.0,
    "Tc": 300.0,
    "D": 0.02
  },
  "flow": {
    "BR": 0.25,
    "DR": 1.51,
    "Tu": 0.7,
    "del_D": 0.097,
    "Lam_D": -1.0,
    "H": 1.45,
    "Reinf": 5000.0,
    "Mainf": 0.05,
    "coolant": "Ar",
    "mainstream": "Air"
  },
  "metadata": {
    "doi": "10.1115/1.4049102",
    "ref": "McNamara2021",
    "uncertainty_eff_abs": 0.04,
    "fig": "Fig12",
    "comment": ""
  },
  "distributions": {
    "x_D": [
        0.3600000000000001,
        0.72,
        1.0800000000000003,
        1.4399999999999997,
        1.7999999999999996,
        2.1599999999999993,
        2.5199999999999996,
        2.879999999999999,
        3.2399999999999984,
        3.599999999999997,
        3.959999999999998,
        4.3199999999999985,
        4.68,
        5.04,
        5.3999999999999995,
        5.76,
        6.12,
        6.480000000000001,
        6.840000000000001,
        7.2,
        7.560000000000001,
        7.920000000000003,
        8.280000000000003,
        8.640000000000002,
        9.0,
        9.360000000000001,
        9.719999999999999,
        10.08,
        10.44,
        10.799999999999999,
        11.159999999999998,
        11.519999999999996,
        11.879999999999997,
        12.239999999999995,
        12.599999999999996,
        12.959999999999996,
        13.319999999999993,
        13.679999999999994,
        14.039999999999992,
        14.399999999999993,
        14.759999999999993,
        15.119999999999992,
        15.479999999999992,
        15.839999999999991,
        16.19999999999999,
        16.55999999999999,
        16.91999999999999,
        17.27999999999999,
        17.639999999999986,
        17.999999999999986
    ],
    "eff": [
        0.15215944661005765,
        0.13573084312206107,
        0.12264041242898871,
        0.11144193776753653,
        0.10161322136676015,
        0.09358005836051253,
        0.08601551432735144,
        0.08016225191035259,
        0.0751568294792464,
        0.07012754910631963,
        0.06607521377802816,
        0.06304984888875759,
        0.05951528958455654,
        0.0570994202588182,
        0.05483129141320331,
        0.05213554968776024,
        0.04994953620585585,
        0.048322188548517886,
        0.046391393396705616,
        0.04488595335604195,
        0.04306229348357604,
        0.04147357921776462,
        0.040279324198484456,
        0.039615131234643775,
        0.03803448217532457,
        0.03723946534202349,
        0.03654172521048327,
        0.035895441088101054,
        0.03559864224089193,
        0.034869630080439085,
        0.03407204945488529,
        0.033694823019939535,
        0.03334710623847992,
        0.033162701245821324,
        0.03248913907570494,
        0.031840317201317636,
        0.031472148511188514,
        0.0311978855209466,
        0.030611011555758516,
        0.030297882620005767,
        0.03030392982912622,
        0.030011760566741374,
        0.029646420666151085,
        0.029389398521894705,
        0.02897727113844184,
        0.028678479524145817,
        0.02868022920981117,
        0.02870217612578485,
        0.028001439487399082,
        0.02771402485442853
    ]
  }
}
