{
  "geometry": {
    "is_single_hole": true,
    "alpha": 30.0,
    "beta": 0.0,
    "phi": 7.0,
    "psi": 7.0,
    "Lphi_D": 3.5,
    "Lpsi_D": 3.5,
    "P_D": 5.0,
    "L_D": 6.0,
    "is_x_origin_trailing_edge": true
  },
  "dimensional": {
    "Tinf": 327.0,
    "Tc": 300.0,
    "D": 0.02
  },
  "flow": {
    "BR": 0.5,
    "DR": 1.644,
    "Tu": 0.7,
    "del_D": 0.097,
    "Lam_D": -1.0,
    "H": 1.45,
    "Reinf": 5000.0,
    "Mainf": 0.05,
    "coolant": "CO2",
    "mainstream": "Air"
  },
  "metadata": {
    "doi": "10.1115/1.4049102",
    "ref": "McNamara2021",
    "uncertainty_eff_abs": 0.04,
    "fig": "Fig14",
    "comment": ""
  },
  "distributions": {
    "x_D": [
        0.04472646517205181,
        0.1869548531883929,
        0.2644965773852985,
        0.37422737276739193,
        0.4717201506701323,
        0.5599572851010941,
        0.6409020943724721,
        0.7432190258423219,
        0.8407118037450627,
        0.9369704958515661,
        1.034463273754307,
        1.1455309954156574,
        1.259971884920056,
        1.3890088636850493,
        1.5305657638416719,
        1.6749538020014274,
        1.8227193381298323,
        1.979772993672022,
        2.1402041471828617,
        2.3023240496780253,
        2.463897592207673,
        2.6225671487387854,
        2.8071393710636365,
        2.8942305686838066,
        3.07070483754573,
        3.1862152680735343,
        3.346646421584373,
        3.535955182727164,
        3.7124294515890877,
        3.8889037204510104,
        4.065377989312934,
        4.241852258174857,
        4.418326527036781,
        4.5948007958987045,
        4.771275064760626,
        4.94774933362255,
        5.124223602484474,
        5.300697871346397,
        5.477172140208321,
        5.653646409070243,
        5.830120677932166,
        6.006594946794088,
        6.183069215656012,
        6.3595434845179355,
        6.536017753379859,
        6.712492022241783,
        6.888966291103705,
        7.065440559965628,
        7.241914828827552,
        7.4183890976894755,
        7.594863366551399,
        7.771337635413321,
        7.947811904275245,
        8.124286173137168,
        8.300760441999092,
        8.477234710861016,
        8.65370897972294,
        8.830183248584861,
        9.006657517446785,
        9.183131786308708,
        9.359606055170632,
        9.536080324032556,
        9.712554592894477,
        9.889028861756401,
        10.065503130618325,
        10.241977399480248,
        10.418451668342172,
        10.594925937204094,
        10.778084837462302,
        10.947874474927941,
        11.124348743789865,
        11.300823012651788,
        11.477297281513712,
        11.653771550375634,
        11.830245819237557,
        12.006720088099481,
        12.183194356961405,
        12.359668625823328,
        12.53614289468525,
        12.712617163547174,
        12.889091432409097,
        13.065565701271021,
        13.242039970132945,
        13.418514238994867,
        13.59498850785679,
        13.771462776718714,
        13.94793704558064,
        14.124411314442563,
        14.300885583304487,
        14.47735985216641,
        14.653834121028334,
        14.830308389890254,
        15.006782658752178,
        15.183256927614101,
        15.359731196476025,
        15.536205465337948,
        15.712679734199872,
        15.889154003061796,
        16.06562827192372,
        16.242102540785645,
        16.41857680964757,
        16.595051078509492,
        16.771525347371412,
        16.947999616233336,
        17.12447388509526,
        17.300948153957183,
        17.477422422819107,
        17.65389669168103,
        17.830370960542954,
        17.982780556378252
    ],
    "eff": [
        0.3648372623463628,
        0.3627260698817817,
        0.3566137755496216,
        0.3499372694329543,
        0.34233441559917077,
        0.3353950107999353,
        0.3284120987605792,
        0.32107843688071913,
        0.31403579332942494,
        0.30714320610379753,
        0.30081483066267717,
        0.29461021596253534,
        0.2880884536453271,
        0.2815144095185622,
        0.2745876526041358,
        0.2675303368787764,
        0.26068566237467766,
        0.25411970301638587,
        0.24728433726961263,
        0.2407923003959651,
        0.2345683170810145,
        0.22911911870969492,
        0.22266721118485422,
        0.21844471192706288,
        0.2145744591754653,
        0.20976785495170697,
        0.2050860975909034,
        0.20013194707456222,
        0.19510969826933666,
        0.19034281804742753,
        0.1856894349736592,
        0.18123467190913706,
        0.17720552315014249,
        0.1734317429744645,
        0.16985658280803267,
        0.16622467406753055,
        0.16293325677145049,
        0.1597553366235111,
        0.15649229361446626,
        0.153342747753562,
        0.15059044191115023,
        0.14758276748542187,
        0.1448304616430101,
        0.14250377010612592,
        0.14023382714331212,
        0.13759501844904098,
        0.13546694692140304,
        0.13345237254190578,
        0.13143779816240853,
        0.12922460377366501,
        0.12740864940341395,
        0.12562106932019806,
        0.12352137207959524,
        0.12215940630190697,
        0.12022995478351517,
        0.11864099470954553,
        0.11716553178371647,
        0.11560494599678195,
        0.11401598592281226,
        0.11265402014512399,
        0.11129205436743561,
        0.11021383146009911,
        0.10879511710834039,
        0.10774526848803906,
        0.10626980556221005,
        0.1051348340808031,
        0.10414173403457211,
        0.10303513684020038,
        0.10230331668708487,
        0.10090706531256233,
        0.10005583670150714,
        0.09875061949788921,
        0.09798451374793954,
        0.09687791655356781,
        0.09608343651658291,
        0.09503358789628152,
        0.09409723642412082,
        0.09318925923899529,
        0.09296226494271387,
        0.0920542877575884,
        0.09091931627618144,
        0.08986946765588011,
        0.0892736076281414,
        0.0887912447485435,
        0.08808188757266416,
        0.08740090468382,
        0.08603893890613173,
        0.08595381604502622,
        0.0855282017394986,
        0.08405273881366959,
        0.08297451590633304,
        0.08223678444341853,
        0.08220841015638342,
        0.08169767298975023,
        0.0807896958046247,
        0.0803924557861323,
        0.0801370872028157,
        0.07891699286030324,
        0.07823600997145913,
        0.07758340136965008,
        0.07724290992522803,
        0.07715778706412252,
        0.07676054704563012,
        0.07644842988824324,
        0.07582419557346942,
        0.07568232413829351,
        0.07505808982351975,
        0.07437710693467559,
        0.07389474405507762,
        0.07306834294517822
    ]
  }
}
