{
  "geometry": {
    "is_single_hole": true,
    "alpha": 30.0,
    "beta": 0.0,
    "phi": 7.0,
    "psi": 7.0,
    "Lphi_D": 3.5,
    "Lpsi_D": 3.5,
    "P_D": 5.0,
    "L_D": 6.0,
    "is_x_origin_trailing_edge": true
  },
  "dimensional": {
    "Tinf": 327.0,
    "Tc": 300.0,
    "D": 0.02
  },
  "flow": {
    "BR": 0.25,
    "DR": 1.644,
    "Tu": 0.7,
    "del_D": 0.097,
    "Lam_D": -1.0,
    "H": 1.45,
    "Reinf": 5000.0,
    "Mainf": 0.05,
    "coolant": "CO2",
    "mainstream": "Air"
  },
  "metadata": {
    "doi": "10.1115/1.4049102",
    "ref": "McNamara2021",
    "uncertainty_eff_abs": 0.04,
    "fig": "Fig12",
    "comment": ""
  },
  "distributions": {
    "x_D": [
        0.24661899985491997,
        0.42191771680718326,
        0.5869047445269604,
        0.6919312089319118,
        0.8177383106790186,
        0.9619447010566395,
        1.1258447415923658,
        1.2847971759151526,
        1.4496494103116297,
        1.5720147892037974,
        1.745251168309564,
        1.9216956285098814,
        2.0935571157179833,
        2.25854414343776,
        2.434988603638078,
        2.611433063838395,
        2.787877524038713,
        2.96432198423903,
        3.1407664444393477,
        3.326376850624097,
        3.4936553648399826,
        3.6687631245842374,
        3.8465442852406175,
        4.0229887454409345,
        4.199433205641252,
        4.3758776658415695,
        4.552322126041887,
        4.728766586242204,
        4.905211046442522,
        5.081655506642839,
        5.258099966843156,
        5.434544427043474,
        5.610988887243791,
        5.732183061926838,
        5.899716185753402,
        6.07616064595372,
        6.252605106154037,
        6.429049566354354,
        6.605494026554672,
        6.7819384867549894,
        6.9583829469553065,
        7.1348274071556235,
        7.3112718673559405,
        7.487716327556259,
        7.664160787756576,
        7.840605247956893,
        7.970933542423038,
        8.129332546466506,
        8.305777006666823,
        8.48222146686714,
        8.658665927067457,
        8.835110387267775,
        9.011554847468092,
        9.18799930766841,
        9.363107067412663,
        9.540888228069043,
        9.717332688269362,
        9.89377714846968,
        10.070221608669996,
        10.246666068870313,
        10.428457330894885,
        10.599554989270949,
        10.775999449471266,
        10.952443909671583,
        11.128888369871902,
        11.305332830072219,
        11.481777290272536,
        11.658221750472853,
        11.834666210673172,
        12.0071005695053,
        12.187555131073806,
        12.363999591274123,
        12.540444051474442,
        12.716888511674759,
        12.893332971875076,
        13.067104031163268,
        13.24622189227571,
        13.422666352476028,
        13.599110812676345,
        13.775555272876662,
        13.95199973307698,
        14.128444193277298,
        14.304888653477615,
        14.481333113677932,
        14.657777573878251,
        14.834222034078566,
        15.021771390375408,
        15.187110954479204,
        15.34851753454881,
        15.552475745803092,
        15.716444335080153,
        15.885670612817732,
        16.070567132824845,
        16.245777715681104,
        16.437260056012132,
        16.598666636081738,
        16.764006200185534,
        16.955374700642555,
        17.12800001668269,
        17.296958954329057,
        17.48088893708333,
        17.64622850118712,
        17.847931156430512,
        17.98241894819817
    ],
    "eff": [
        0.20222099909286806,
        0.19574508462492646,
        0.18757137480089398,
        0.18147017688684758,
        0.17530377084044896,
        0.16889729410479998,
        0.16364803583561155,
        0.15783726346061328,
        0.15294887399536533,
        0.14791984294749072,
        0.14349940443572878,
        0.13838496311185078,
        0.13318082841275908,
        0.1290215330987175,
        0.1252731866062402,
        0.12132630730089494,
        0.11754959897800799,
        0.11422667994167629,
        0.11101720822698341,
        0.1077201844160281,
        0.10499533042333353,
        0.1020770749014408,
        0.1000228403448426,
        0.09726715791670504,
        0.0947383701318451,
        0.09286190444640835,
        0.09078690594810362,
        0.08885371660184754,
        0.08686380359477192,
        0.08552621268711957,
        0.08387664164496039,
        0.081773281316246,
        0.07978336830917049,
        0.07725916750779321,
        0.0775636430089287,
        0.07574390098431139,
        0.07503027034567256,
        0.073323975642694,
        0.07215655571749985,
        0.07084732664025722,
        0.06982171586711161,
        0.06873938143314662,
        0.06768540882959134,
        0.06640454158275833,
        0.0657759964353486,
        0.06443840552769625,
        0.06298856561889499,
        0.0631262588005651,
        0.06198720070578062,
        0.06144374104960004,
        0.06007778831153798,
        0.059591052316176785,
        0.05893414533835728,
        0.05796525822603105,
        0.057050766022584076,
        0.05690670074407955,
        0.056107984614211626,
        0.05598995241417659,
        0.0549076179802116,
        0.054364158324030964,
        0.05399427594340078,
        0.05367430463740552,
        0.05335773962450252,
        0.0523888525121764,
        0.05204392566886373,
        0.05121684770858603,
        0.05115553916937032,
        0.05041354670032194,
        0.05018206717864804,
        0.049660928491403356,
        0.049463851661612934,
        0.0490054774966614,
        0.04871727431416817,
        0.04808872916675844,
        0.047999058797133065,
        0.047112700548482156,
        0.04679869216313304,
        0.046595574471868906,
        0.046073386188495435,
        0.04550865515950764,
        0.04431854576998573,
        0.04504569611615994,
        0.04427534181670156,
        0.044214033277485965,
        0.04420944839908969,
        0.0438928833861868,
        0.044249960927572385,
        0.045078466990097654,
        0.043977772991598996,
        0.043422546285311725,
        0.04367514023055796,
        0.04264415157413637,
        0.042444192830324856,
        0.042211218195254085,
        0.04173838490536241,
        0.041923292162434844,
        0.04152143154753718,
        0.04143310363403796,
        0.04064004173965752,
        0.04059696148275982,
        0.04045006531400319,
        0.04023687320502334,
        0.03990281820034425,
        0.03985581820560513
    ]
  }
}
