{
  "geometry": {
    "is_single_hole": true,
    "alpha": 30.0,
    "beta": 0.0,
    "phi": 7.0,
    "psi": 7.0,
    "Lphi_D": 3.5,
    "Lpsi_D": 3.5,
    "P_D": 5.0,
    "L_D": 6.0,
    "is_x_origin_trailing_edge": true
  },
  "dimensional": {
    "Tinf": 327.0,
    "Tc": 300.0,
    "D": 0.02
  },
  "flow": {
    "BR": 0.5,
    "DR": 1.06,
    "Tu": 0.7,
    "del_D": 0.097,
    "Lam_D": -1.0,
    "H": 1.45,
    "Reinf": 5000.0,
    "Mainf": 0.05,
    "coolant": "N2",
    "mainstream": "Air"
  },
  "metadata": {
    "doi": "10.1115/1.4049102",
    "ref": "McNamara2021",
    "uncertainty_eff_abs": 0.04,
    "fig": "Fig14",
    "comment": ""
  },
  "distributions": {
    "x_D": [
        0.1669009589995376,
        0.35941834321254484,
        0.5278710543989265,
        0.6963237655853076,
        0.8727980344472308,
        1.0492723033091544,
        1.2257465721710772,
        1.2177250144955356,
        1.4022208410330004,
        1.5786951098949236,
        1.7551693787568472,
        1.9316436476187704,
        2.1081179164806936,
        2.284592185342617,
        2.46106645420454,
        2.6375407230664636,
        2.814014991928387,
        2.99048926079031,
        3.1669635296522336,
        3.3494539667708136,
        3.51991206737608,
        3.6963863362380036,
        3.8728606050999264,
        4.04933487396185,
        4.225809142823774,
        4.402283411685696,
        4.57875768054762,
        4.755231949409543,
        4.931706218271467,
        5.1081804871333905,
        5.284654755995312,
        5.461129024857236,
        5.63760329371916,
        5.814077562581083,
        5.990551831443005,
        6.167026100304929,
        6.343500369166852,
        6.519974638028774,
        6.696448906890698,
        6.8729231757526215,
        7.049397444614545,
        7.225871713476469,
        7.402345982338391,
        7.578820251200314,
        7.755294520062238,
        7.9317687889241615,
        8.108243057786085,
        8.284717326648007,
        8.46119159550993,
        8.637665864371854,
        8.814140133233778,
        8.990614402095702,
        9.167088670957625,
        9.343562939819547,
        9.52003720868147,
        9.696511477543394,
        9.872985746405318,
        10.049460015267242,
        10.225934284129163,
        10.402408552991087,
        10.57888282185301,
        10.755357090714934,
        10.931831359576858,
        11.10830562843878,
        11.284779897300703,
        11.461254166162627,
        11.63772843502455,
        11.814202703886474,
        11.990676972748398,
        12.16715124161032,
        12.343625510472243,
        12.520099779334167,
        12.69657404819609,
        12.873048317058014,
        13.049522585919936,
        13.22599685478186,
        13.402471123643783,
        13.578945392505707,
        13.75541966136763,
        13.931893930229553,
        14.108368199091478,
        14.284842467953402,
        14.461316736815325,
        14.637791005677249,
        14.814265274539173,
        14.990739543401096,
        15.16721381226302,
        15.34368808112494,
        15.520162349986864,
        15.696636618848787,
        15.87311088771071,
        16.049585156572636,
        16.22605942543456,
        16.402533694296483,
        16.579007963158407,
        16.75548223202033,
        16.931956500882254,
        17.108430769744178,
        17.284905038606098,
        17.46137930746802,
        17.637853576329945,
        17.81432784519187,
        17.966737441027167
    ],
    "eff": [
        0.38740224150670377,
        0.3765708303358104,
        0.3647340235943041,
        0.351338522684999,
        0.3380026077784677,
        0.3255179214829916,
        0.31402633523374657,
        0.33481759405876954,
        0.30372646903997874,
        0.2942778314572661,
        0.2861627853652067,
        0.2787570964490265,
        0.2716918989772684,
        0.2653644329684249,
        0.25903696695958134,
        0.2532769866914412,
        0.24768725214551207,
        0.24301765519343793,
        0.23681990021104088,
        0.23033637562350384,
        0.22677540260058965,
        0.2220368966657158,
        0.21926521038842306,
        0.21340456549463044,
        0.21125406571353417,
        0.20548939938889887,
        0.20278505535125058,
        0.19764654031439433,
        0.19374773249164834,
        0.1902293208992869,
        0.18660308701619183,
        0.18404845537345838,
        0.1793052203907453,
        0.1770069031408963,
        0.17320474867818314,
        0.17169575250403984,
        0.16752989127114853,
        0.16551531689165122,
        0.1618307130466552,
        0.1595567166142649,
        0.15708815364220485,
        0.15595318216079795,
        0.15266176486471794,
        0.14791889365491556,
        0.14691313431139186,
        0.1448872102170805,
        0.14409273018009566,
        0.14187953579135215,
        0.14051757001366388,
        0.13779363845828718,
        0.13441709830110166,
        0.13384961256039812,
        0.13200528390311195,
        0.1303312009680367,
        0.12930972663477047,
        0.12630205220904217,
        0.12641554935718285,
        0.12406048353326349,
        0.12253962174817817,
        0.12179054057044963,
        0.1192084804502489,
        0.11969600229112598,
        0.11569935498818978,
        0.11630610615640657,
        0.11519068140606847,
        0.11425255091114911,
        0.11360320760427683,
        0.11176360799482976,
        0.11219597808298482,
        0.11092318863597844,
        0.10998683716381774,
        0.10902211140462181,
        0.10738856316531109,
        0.10692646763359542,
        0.1053206181030572,
        0.10325164124854747,
        0.10414173403457211,
        0.10082441610724974,
        0.10180369278287377,
        0.09959431029329763,
        0.09945963888463716,
        0.09980992621386897,
        0.09811692708743697,
        0.09858645398004284,
        0.09689413043187356,
        0.09649013463075373,
        0.09667929654432156,
        0.09565782221105534,
        0.0957807774548744,
        0.09514708504442215,
        0.09510294726458962,
        0.09523031628639206,
        0.09191241632241248,
        0.09291970351216111,
        0.0917921633916442,
        0.09184756080918921,
        0.09250827635015113,
        0.08978434479477454,
        0.09066394769286484,
        0.08924523334110623,
        0.08833725615598065,
        0.08929694200684996,
        0.08689194091012653
    ]
  }
}
