{
  "geometry": {
    "is_single_hole": true,
    "alpha": 30.0,
    "beta": 0.0,
    "phi": 7.0,
    "psi": 7.0,
    "Lphi_D": 3.5,
    "Lpsi_D": 3.5,
    "P_D": 5.0,
    "L_D": 6.0,
    "is_x_origin_trailing_edge": true
  },
  "dimensional": {
    "Tinf": 327.0,
    "Tc": 300.0,
    "D": 0.02
  },
  "flow": {
    "BR": 1.5,
    "DR": [
      1.51,
      1.644,
      1.06
    ],
    "Tu": 0.7,
    "del_D": 0.097,
    "Lam_D": -1.0,
    "H": 1.45,
    "Reinf": 5000.0,
    "Mainf": 0.05,
    "coolant": [
      "Ar",
      " CO2",
      " N2"
    ],
    "mainstream": "Air"
  },
  "metadata": {
    "doi": "10.1115/1.4049102",
    "ref": "McNamara2021",
    "uncertainty_eff_abs": 0.04,
    "fig": "Fig15",
    "comment": ""
  },
  "distributions": {
    "x_D": [
      [
        0.14196054401495983,
        0.27817143622757046,
        0.3742780645443293,
        0.4623644473389108,
        0.5423917426547789,
        0.622426460000558,
        0.7024693415792398,
        0.7825156867718803,
        0.8714802606389691,
        0.9827187586049395,
        1.0788229129117277,
        1.1829589405875551,
        1.3031420154341586,
        1.439379353313953,
        1.5916641506995193,
        1.7600008495633044,
        1.936374594726066,
        2.112752388268779,
        2.289148399521275,
        2.465546434963747,
        2.6419626881159997,
        2.818379615998246,
        2.9947999175304516,
        3.171222917982625,
        3.3476526657347176,
        3.5240871365967528,
        3.700526330568733,
        3.8769675487306885,
        4.053407417432661,
        4.2298540334345525,
        4.406304697816394,
        4.582758735848197,
        4.759211424420014,
        4.935667486641794,
        5.112125573053547,
        5.288586358385269,
        5.465048493176974,
        5.641504555398752,
        5.817974112220369,
        5.994436247012075,
        6.170903104913725,
        6.347378059575277,
        6.523852339506837,
        6.700320546868472,
        6.876794152070039,
        7.053273155111544,
        7.229750133963071,
        7.406225088624623,
        7.582703416936138,
        7.759185118897609,
        7.935658049369186,
        8.112143124980616,
        8.288624152212096,
        8.465111252013504,
        8.641591604514991,
        8.818076680126424,
        8.994559056817888,
        9.171050204999245,
        9.347531232230727,
        9.524025079332052,
        9.700511504403469,
        9.877002652584828,
        10.053490427116225,
        10.22998292475757,
        10.406475422398913,
        10.582969944230232,
        10.759461767141582,
        10.935954264782923,
        11.112449461344236,
        11.288934536955667,
        11.465432432436947,
        11.641922905888313,
        11.818418777179614,
        11.994914648470917,
        12.171411194492212,
        12.347903017403564,
        12.524397539234881,
        12.700893410526183,
        12.877391306007462,
        13.053881779458829,
        13.23037697602014,
        13.406878245151379,
        13.583372092252704,
        13.759873361383944,
        13.936365184295294,
        14.11286982707649,
        14.289371770937723,
        14.465866292769043,
        14.642371610280229,
        14.818868156301523,
        14.995378871652647,
        15.17186597145406,
        15.348370614235257,
        15.524869859176519,
        15.701374501957716,
        15.877871722709,
        16.054372991840243,
        16.23087156205151,
        16.407371481722766,
        16.58387949815392,
        16.76038211674514,
        16.936882036416396,
        17.113383305547636,
        17.289884574678876,
        17.46638989219006,
        17.642885088751374,
        17.819389056802578,
        17.963796408307264
      ],
      [
        0.1154374313518467,
        0.2876924386888171,
        0.4639315752181874,
        0.6401710491125532,
        0.7923161680185382,
        0.9445066625164809,
        1.1207899419580158,
        1.2971323587234593,
        1.4734713606466365,
        1.649846155389385,
        1.8262215498921273,
        2.0025968131973713,
        2.1790007525272723,
        2.355405535269662,
        2.531788051922319,
        2.708231564166248,
        2.8846512209564614,
        3.0610664994987267,
        3.23750366928073,
        3.413938140142766,
        3.5903465214451145,
        3.7667726706372497,
        3.943209840419254,
        4.11965510696116,
        4.296097844969461,
        4.472545400140978,
        4.648986183476939,
        4.825438197318766,
        5.001887512240623,
        5.178359093252217,
        5.354792889384262,
        5.53125820504593,
        5.707704339097827,
        5.884163061683571,
        6.0606333317911805,
        6.237077248873103,
        6.413523864874996,
        6.589977228176805,
        6.766427217828657,
        6.942875183290532,
        7.1193494632220915,
        7.295821044233685,
        7.4722966736252285,
        7.648778900376696,
        7.825256029168221,
        8.001739080589676,
        8.178204514061344,
        8.354670097473008,
        8.53114505213456,
        8.707617982606136,
        8.884104407677551,
        9.060588133829,
        9.237068486330488,
        9.413533994772154,
        9.590002472025782,
        9.766459659868547,
        9.942946906396953,
        10.119427740848435,
        10.295929009979675,
        10.472407338291186,
        10.648867718784912,
        10.825380019751519,
        11.001868637695408,
        11.178366533176687,
        11.354862404467989,
        11.531339383319516,
        11.7078035423012,
        11.884274823432795,
        12.060771669334086,
        12.237258094405501,
        12.413743844746923,
        12.590228920358356,
        12.766715345429771,
        12.943213240911051,
        13.119711136392329,
        13.296197561463742,
        13.47268803491511,
        13.64917580944651,
        13.825662234517926,
        14.002143261749406,
        14.178641831960675,
        14.355122859192154,
        14.531626827243365,
        14.708119324884706,
        14.884607099416105,
        15.061104320167388,
        15.23759276942878,
        15.414090664910063,
        15.590588560391339,
        15.767083082222658,
        15.94358637554387,
        16.12009169305506,
        16.29657946758646,
        16.473059820087947,
        16.649546919889357,
        16.826043465910647,
        17.00252921625207,
        17.179008476333575,
        17.355486918171085,
        17.532002564406152,
        17.708487061677587,
        17.87698124252149
      ],
      [
        0.17515253650839613,
        0.34340563632617993,
        0.5915746335381624,
        0.7516647824404736,
        0.9037938821319003,
        1.0719796888784874,
        1.2482046560780269,
        1.424507072641641,
        1.600818100045152,
        1.7771931660429887,
        1.9622187244406968,
        2.1299006510138994,
        2.306285191856532,
        2.482676749891081,
        2.6590839616614423,
        2.835494816973761,
        3.0119097206660306,
        3.1883333958481965,
        3.364759769950329,
        3.5411827704025014,
        3.71761791599453,
        3.8940517121265743,
        4.070487532448595,
        4.2469327989905015,
        4.423376446180427,
        4.599826570778276,
        4.776273321726167,
        4.952721961918034,
        5.12917397575986,
        5.305626664331678,
        5.482082726553456,
        5.658534740395284,
        5.834995525727006,
        6.0114495637588075,
        6.187915072200473,
        6.364380580642138,
        6.540847168651791,
        6.717312272255461,
        6.893784527997045,
        7.070254084818663,
        7.246724316370271,
        7.423192523731904,
        7.599664779473489,
        7.776141083595025,
        7.952611315146635,
        8.129089643458146,
        8.305600583719269,
        8.482073353540848,
        8.65852395366269,
        8.835002956704196,
        9.011483309205683,
